{
  "rob_locations": {
    "home": {
      "l": [0.50037, 0.13119, 0.31009, -1.21513, 1.20359, -1.21474],
      "j": [3.14155, -1.57071, 1.57083, -0.00001, 1.57072, 3.14163]
    },
    "safe_rack": {
      "l": [0.39534, 0.13309, 0.25316, -1.21513, 1.20359, -1.21474],
      "j": [3.16206, -1.99026, 2.15890, -0.16837, 1.59062, 3.14163]
    },
    "prep_vial": {
      "l": [ 0.48261, 0.12685, 0.18535, -1.21485, 1.20519, -1.21286 ],
      "j": [ 3.12025, -1.49090, 2.10970, -0.61761, 1.55154, 3.14229 ]
    },
    "A1vial_grip": {
      "l": [ 0.48261, 0.12685, 0.13035, -1.21487, 1.20520, -1.21283 ],
      "j": [ 3.12012, -1.29914, 2.22681, -0.92644, 1.55259, 3.14118 ]
    },
    "home_prep_bal": {
      "l": [0.43776, 0.16860, 0.30767, -1.50073, 0.57448, -0.56967],
      "j": [2.40960, -1.57084, 1.57137, -0.00005, -0.00001, 3.14160]
    },
    "safe_bal": {
      "l": [0.32360, 0.21526, 0.17406, -1.57669, -0.01231, 0.01117],
      "j": [2.52477, -1.04879, 1.54595, -0.49978, -0.62753, 3.13902]
    },
    "prep_viap_drop": {
       "l": [ 0.32462, 0.34679, 0.15107, -1.57669, -0.01224, 0.01110 ],
       "j": [ 2.91835, -1.00508, 1.59829, -0.59629, -0.23350, 3.14240 ]
    },
    "drop_vial": {
       "l": [ 0.32460, 0.34679, 0.13258, -1.57669, -0.01239, 0.01109 ],
       "j": [ 2.91834, -0.96053, 1.62622, -0.66997, -0.23332, 3.14353 ]
    },
    "safe_bal_2_ot": {
      "l": [0.25765, 0.12733, 0.18667, -1.58800, -0.02487, 0.05488],
      "j": [2.18358, -1.16379, 1.64353, -0.49686, -1.00489, 3.16428]
    },
    "safe_ot": {
      "l": [-0.33583, 0.14608, 0.25538, -1.13897, -1.32098, 1.43185],
      "j": [4.32144, -1.69018, 1.97432, -0.23199, -0.60756, 3.16428]
    },
    "prep_drop_ot": {
      "l": [-0.49125, 0.14623, 0.25223, -1.20989, -1.23228, 1.24740],
      "j": [5.09601, -1.50521, 1.76787, -0.26387, 0.34884, 3.16428]
    },
    "drop_vial_ot": {
      "l": [ -0.49046, 0.14608, 0.20635, -1.21082, -1.23169, 1.24828 ],
      "j": [ 5.09325, -1.43596, 1.92193, -0.48594, 0.34700, 3.16417 ]
    },
    "home_1": {
      "l": [0.41324, 0.09936, 0.32398, -1.19083, 1.25773, -1.21630],
      "j": [2.96531, -2.00580, 1.80843, 0.21481, 1.43157, 3.16428]
    },
    "dos_rack_prep": {
      "l": [ 0.43334, 0.07812, 0.25136, -1.19014, 1.25820, -1.21552 ],
      "j": [ 2.82209, -1.98537, 2.13988, -0.13767, 1.28965, 3.16266 ]
    },
    "grip_dose": {
      "l": [ 0.48334, 0.07811, 0.25137, -1.19015, 1.25816, -1.21558 ],
      "j": [ 2.91637, -1.71006, 1.95217, -0.22488, 1.38504, 3.16417 ]
    },
    "grip_dos_up": {
      "l": [0.48334, 0.07913, 0.25393, -1.19016, 1.25813, -1.21556],
      "j": [2.92203, -1.71049, 1.94019, -0.21245, 1.39062, 3.16428]
    },
    "dos_out_rack": {
      "l": [0.46413, 0.07907, 0.25393, -1.18978, 1.25841, -1.21534],
      "j": [2.89463, -1.80787, 2.01618, -0.19121, 1.36299, 3.16428]
    },
    "dos_rack_safe": {
      "l": [0.43537, 0.08181, 0.31275, -1.18943, 1.25859, -1.21493],
      "j": [2.85693, -1.96576, 1.84040, 0.14226, 1.32358, 3.16428]
    },
    "out_bal_prep": {
      "l": [0.28461, 0.21826, 0.31535, -1.19975, 1.18665, -1.20241],
      "j": [4.06540, -1.75871, 1.73695, 0.00495, 2.47948, 3.13828]
    },
    "dos_bal_prep": {
      "l": [0.28460, 0.33539, 0.31535, -1.19438, 1.19012, -1.19682],
      "j": [4.31201, -1.19621, 1.11565, 0.05614, 2.72722, 3.13461]
    },
    "dos_bal_in_prep": {
      "l": [0.29251, 0.33541, 0.29990, -1.19537, 1.18944, -1.19775],
      "j": [4.28827, -1.19846, 1.19133, -0.01627, 2.70367, 3.13461]
    },
    "dos_head_up": {
      "l": [0.33387, 0.33539, 0.29990, -1.19794, 1.18780, -1.20047],
      "j": [4.16837, -1.18134, 1.16692, -0.00521, 2.58389, 3.13636]
    },
    "dos_head_in": {
      "l": [0.33388, 0.33538, 0.29641, -1.19792, 1.18783, -1.20048],
      "j": [4.16837, -1.18139, 1.18338, -0.02163, 2.58397, 3.13636]
    },
    "grip_out_bal": {
      "l": [0.29164, 0.33542, 0.29641, -1.19501, 1.18967, -1.19735],
      "j": [4.29089, -1.19851, 1.20778, -0.03279, 2.70633, 3.13496]
    }
  }
}